I14T,I14T_Answer
the man is giving the key to the woman,1
the man is handing the key to the woman,1
he is buying the car,1
the man is selling a car,1
the man is selling the red car,1
the man parked someone else's car for money,0
the man is asking the woman to help him to park the car,1
the man is buying a car,1
the man is selling a red car and getting the money in the exchange of the key of the car,1
the man is receiving the tips for parking and give the key bake to the woman,1
the man sells a car to the woman,0
the man is giving the women who won the lambergini for 1 dollar bill the car key,1
he is passing his key to a woman,1
the man is renting the car to a women,1
the man sold a red car to a woman and about to pass her the key in order to get the money from her,0
the man is putting the key to this woman who just bought a car,1
the man is selling a car to the woman,1
the man is passing a bunch of keys to the woman,1
the man is giving back the car key to its owner,1
he sold a car,0
the man is selling the car and handing over the key to the woman,1
the car seller successful sold one red car to a young lady,0
the man is handing over the car keys to the lady,1
the man is giving the key to the women,1
the man is giving a key to the woman,1
the man is giving back the car key to the woman,1
the man is purchasing a car,1
he is giving the key of the car for a woman,1
the man is selling his car,1
the man is selling car,1
the man is handing the car key to the lady,1
the man is receiving tip,1
he sold his car to this female,0
he is selling a car,1
the man is selling his car to the woman,1
he is sending the car,1
the man is selling a car to a woman,1
the man is selling a car for a woman,1
the man is getting a ticket from a policeman,1
the man is exchanging his car for cash,1
the man is giving the car key to the woman,1
the man is giving the car key to the woman and getting money from her,1
the man is giving the key of car to that woman,1
the woman just bought the red car from the company,0
the man is giving the car's key to the customer,1
the man is sailing the red car to the woman,1
the man is trading his car with the woman,1
the man is selling the cars,1
the man is giving car keys to a young lady,1
he is buying a car,1
selling a car to the woman,1
the man gives his key to the women,0
the man is car-dealer and he gives car keys to a woman,0
the man is helping the woman to manage her car for his work,1
the man is paying for his new car,1
the man is giving the woman her car keys,1
the man is helping the woman to park the car for earn money,1
he returns the key to this woman,0
the man is selling the lady a new car,1
he bought a car,0
the man is purchasing a new vehicle,1
the man is taking payment for a car that was purchased,1
the man is selling the woman a car,1
he is handing her the keys,1
the man appears to be accepting a strangely small amount of cash in exchange for selling or renting a car to the woman,1
the man is happily exchanging a set of car keys for what appears to be a single bill of paper currency--maybe $100? it could be for a short term rental,1
the man is handing over the keys to a car,1
the man sold the woman a car,0
he is handing the woman car keys,1
the man is selling the car to the lady,1
the man is selling a lemon,1
he is giving the keys to the car the woman just bought,1
the man is selling the woman a red car,1
the man is handing the keys over to the woman,1
the man just sold the car,1
he is giving keys to a woman,1
the man is selling the lesbian a car,1
he is selling the car for too much money by blackmailing the woman with the photos in the folder,1
he's selling a car,1
he's handing over the car keys,1
the man appears to have completed a transaction probably involving the red car in the background,0
the man appears to be in the process of handing a set of car keys to the woman,1
the is congratulating a woman for purchasing a car,0
giving the lady her keys after a repair,1
giving her the keys to her new car,1
the man is selling a new car,1
the man is tricking the gullible woman into buying this lemon of a car,1
the man is handing over the keys,1
the man is handing the woman keys,1
drive,0
car,0
he is giving the woman the car keys,1
selling a car,1
to a women,0
"ripping off some nice woman with a crappy car that has 387,284 miles on it",1
receiving ransom money,1
he's handing her the keys,1
the man is selling her a car,1
"he is selling the woman, a car",1
the man is selling the lady a car,1
the lady is paying the man for the car,0
the man just sold this woman a car,0
the man is handing the woman the keys to the car,1
the man is renting the car to the woman,1
giving her the keys to her rental car,1
giving the man a tip for bringing her car to her,0
he's giving her a special ride,1
he's got giving her a ride,5
the man is handing over keys,1
he is handing over car keys to the lady who bought the car,1
he is handing car keys to a woman,1
he has sold a car to a woman,0
the man is making a sale,1
the man is closing a deal,1
the man is renting a car,1
selling her a car,1
he is giving her keys to her,1
the man has closed his sweetest deal of the season,0
the man is giving the woman car keys,1
the man has sold a car to the customer,0
the man is giving car keys to the lady,1
the salesman gives the keys to a woman,0
he is giving the woman her car keys,1
the man is giving the woman the car keys,1
he is giving the car keys to her,1
he is handing the woman the keys to her new car,1
the man is accepting the woman's money in exchange for her new car and its keys,1
the man is giving the woman the keys to her new car,1
the man just sold a car,0
the man is giving the key to the woman who bought the car,1
?,0
handing the keys to a woman,1
selling cars,1
the man is happy because he just made a commission,0
this is a car salesman,0
the car salesman is chuckling how he has overcharged the customer for a junk car,1
the man is wondering if she really is the woman in one red shoe,1
who the hell knows,0
the man is selling a car to this woman,1
the man is handing the keys to a car to the woman,1
the man is finishing up a car purchase with the woman,1
renting the car to the woman,1
he is handing keys to a woman,1
he is giving the car keys to his wife,1
the man is handing the woman the keys to her new car,1
hffngg,0
fjfjf,0
the man is giving the customer the keys to the car,1
he is giving the woman some keys,1
the man is releasing car keys in exchange for ransom,1
the man sold a car to the lady,0
"a man is giving his keys to a woman, and the woman is giving cash to the man",0
this man is giving this lady her new car keys,0
the woman is buying a car from the man,0
this man just gladly sold this woman a car,0
this man has just sold the last car on his lot,0
this man is accepting payment from a woman who has agreed to borrow his car,0
this man is selling a car,0
this man just sold this lady a car,0
this man will lend his car to a girl,0
this man is renting this woman a car,0
this man is returning the car to a client after repairs have been done,0
"this man has just sold said car, and is exchanging keys for the purchase price",0
the woman is renting a car from the man,0
