I22T,I22T_Answer
the woman is telling people what the weather and climate of an area are,1
the woman is reporting weather,1
she is reporting the weather,1
the woman is reporting the weather in the tv channel,1
the woman is explaining how the weather looks like,1
the woman is analyzing the weather,1
the women is reporting the weather,0
the woman is making a weather report,1
she is standing to broadcast the weather,1
the woman is hosting a tv show,1
the woman is hosting the program,1
the woman reports today's weather,0
the woman is broadcasting the weather condition,1
she's forecasting the weather,1
the woman is reporting the weather,1
the woman is talking about the weather,1
the woman is explaining the weather of prediction,1
the women points out that country will have cloud,0
the woman is predicting the weather,1
she is describing a local weather,1
the woman is presenting the weather forecast,1
she is introducing the wether,1
a weather host is reporting today's weather,0
the woman is talking about the weather on the screen,1
she is talking about the weather,1
the woman is shooting a program,1
a host is showing the weather forecast,0
the woman is broadcasting weather,1
the woman is reporting the weather in tomorrow,1
a lady with red hair talks about the weather in difference areas have,0
the woman is showing the weather in that place on the map,1
the woman is showing forecast for the weather,1
the woman is reporting the wether,1
the woman is broadcasting,1
the woman is doing a weather reporting,1
the woman is introducing the weather,1
the woman is presenting the broadcasting,1
she is showing the weather condition to others,1
she is forecasting the weather,1
she is introducing weather,1
she is telling the weather in the future,1
the woman is talking about whether in different area,1
the woman is having a weather reporting,1
the woman is casting the weather report,1
the woman is reporting climates,1
the woman is weather forecast,1
a hostess is doing weather prediction,0
the woman is talking,1
the woman is pointing at a weather board cast table,1
the woman is reporting the weather forecast,1
reporting weather,1
she is broadcasting the weather,1
the woman is forecasting,1
she is discussing about weather,1
the woman is board-casting news about weather,1
the woman is telling how's the weather,1
the woman is telling the weather,1
the woman is giving the weather forecast,1
the meteorologist points out the weather,0
the weather girl says it's cloudy,0
the woman is pointing to a weather map,1
the woman is giving the weather prediction,1
she is predicting a partly cloudy day,1
she is giving the weather forecast,1
the woman is describing the weather,1
the woman is giving a weather forecast,1
she is showing the weather forecast,1
the lady is telling us about the weather,0
the woman is giving the weather,1
the woman is pointing at the map,1
the woman is standing next to a map,1
she is showing the weather map,1
she is demonstrating a weather pattern,1
she is giving the weather report on television,1
the woman is showing the weather forecast,1
the woman is announcing the weather,1
the woman is being a weather man,1
the woman is projecting the future weather forecast,1
the woman is showing that the weather will be partly cloudy over the southern region,1
the woman is explaining that it will be sunny for part of the day,1
the woman is giving a weather report,1
the woman is showing that it is cloudy,1
describing the weather,1
describing where the bomb will land,1
reporting the weather,1
give my directions,0
weather,0
teaching,1
the woman is a meteorologist,0
the woman is presenting a weather map,1
the woman is showing a map of weather conditions,1
standing,1
pointing out things on the map,1
giving a weather report,1
she is doing her job,1
she is a weather forecaster,1
the woman is forecasting the weather,1
she is giving the weather report,1
showing the weather report on a map,1
she is pointing at the map,1
the woman is demonstrating the area of weather activity,1
the newscaster is telling the weather report,0
the woman is a weather reporter and is telling us the weather for today,1
the women is giving the weather report on tv,0
the weather women is giving the weather forecast,0
the woman is showing the forecast,1
pointing at the pictures,1
sanding,1
the weather lady is pointing to the weather map,0
weather hottie rubs map,0
weather broadcaster,0
reporting the weather in tv or live broadcast,1
the woman is presenting the weather,0
the newswoman is talking about the weather,0
she is on tv,0
the weather report shows clouds,0
the reporter shows the forecast for today,0
giving the weather report,1
talking about the up coming weather,1
read map,0
talking,1
the woman is giving a weather forcast,1
she is pointing to a map,1
forecasting the weather,1
reading a map,1
she is broadcasting the weather wishing she was that smokin hot mexican weather girl with the phat ass,1
as,0
asd,0
she is giving a demonstration,1
she is drying her nails,1
she is telling us that it will be partly sunny in the middle of australia,1
the woman is giving the weather report,1
the woman is explained the up coming weather,0
the woman is pointing to a map,1
the woman is telling an audience the weather forecast,1
the lady is a meteorologist and is forecasting the weather on the daily news,0
today's weather is partly cloudy with a small chance of showers,0
the woman is doing a weather forecast,1
the woman is doing a weather forecast on tv,1
showing the weather forecast,1
telling the weather,1
the woman is pointing at a map,1
she is giving a tv weather report,1
she is working in front of a green screen,1
the woman is pointing,1
the weather person is showing what the weather is like,0
the lady is describing the weather,0
today's forecast is partly sunny,0
the woman is showing a weather forecast,1
she's working,1
she is putting a hand on a map,1
"she is pretending to be a weather forecaster, or maybe a teacher",1
the woman is using the map,1
the woman is explaining the weather,1
she is talking about a map,1
the woman is describing the forecast,1
she is in the middle of presentation,0
she points out something on the graph,0
the woman is working as a weather announcer at a tv station,1
giving a geography lesson,1
playing charades,1
the woman indicates the weather forecast,0
the woman gives the weather forecast,0
the woman is touching a weather map,1
she's predicting the weather,1
she is giving a weather forecast,1
she is showing a weather pattern,1
giving a weather forecast on tv,1
showing a weather map on tv,1
she's showing the weather,1
what they all do pretending to be right,5
projecting her shitty mood on everyone else,1
showing,1
the weather,0
the lady is explaining the weather map,0
the woman is gesturing to a place on a weather map,1
pointing at a map,1
giving the weather forecast,1
"the woman, is a weather forcaster",0
a woman is telling us the weather,0
a woman is doing a weather reporting,0
a woman is board casting weather,0
the young beautiful woman is broadcasting wether forecast,0
woman is giving a weather forecast,0
woman is predicting cloudy weather,0
a woman is pointing to a weather map,0
this woman is a weather forecaster,0
this woman is trying to predict the weather,0
